id,name,bonusName,totalProbability,bonusAmount,bonusRate,probability,playTime,firstPlay,c,searchWord
1,牙狼 TUSK OF GOD,電サポ/16R確変/4R確変/4R通常/2R確変,0.74/198.60/710.44/913.00/421.15,0/2240/560/560/280,0/1/0.25/0.25/0.125,319.68,0,0,0,がろたすくおぶごっど
2,未来日記,電サポ/15R/8R,3.12/95.81/285.33,0/1560/780,0/1/0.5,256.8,0,0,0,みらいにっき
3,ぱちんこCRブラックラーン3,電サポ/16R/12R/6R/2R,1.00/288.61/666.77/249.58/329.84,0/1760/1320/660/220,0/1/0.75/0.375/0.125,299.3,0,0,0,ぱちんこぶらっくらぐーん
4,CRフィーバー戦姫絶唱シンフォギア,電サポ/15R/12R/8R/4R,12.05/193.23/2601.54/1114.96/88.02,0/1365/1092/727.55/364.45,0/1/0.8/0.533/0.267,199.8,0,0,0,ふぃーばーせんきぜっしょうしんふぉぎあ
5,CR 真・花の慶次2～漆黒の衝撃 2400,電サポ/16R/6R,2.52/168.26/355.22,0/2240/840,0/1/0.375,319.68,0,0,0,しんはなのけいじ しっこくのしょうげき
6,CRぱちんこ AKB48-3 誇りの丘,電サポ/16R+RUSH/4R+RUSH/4R/2R,2.99/306.25/1052.68/150.38/732.41,0/2240/560/560/280,0/1/0.25/0.25/0.125,319.7,0,0,0,えーけーびーふぉーてぃえいと ほこりのおか
7,CRルパン三世～LAST GOLD～,電サポ/16R/3R/2R/11R,2.85/213.49/498.14/1076.0/461.14,0/2240/1540/420/280,0/1/0.6875/0.1875/0.125,319.6,0,0,0,るぱんさんせいらすとごーるど
9,P交響詩篇エウレカセブン HIｰEVOLUTION ZERO,電サポ/3R通常/10R確変/7R確変/3R確変,0.85/201.80/162.14/651.25/391.92,0/420/1398.6/978.6/420,0/1/3.33/2.33/1,199.8,0,0,0,こうきょうしへんえうれかせぶんはいえぼりゅーしょんぜろ
10,P牙狼 月虹ノ旅人,電サポ/3R/10R,7.55/639.11/639.11/509.92/118.88,0/420/1400,0/1/3.33,319.68,0,0,0,がろげっこうのたびびと
11,Pフィーバー戦姫絶唱シンフォギア2 1/230ver.,電サポ/3R/10R/7R/6R,7.62/110.08/186.52/4695.50/3104.53,0/420/1398.6/979.86/840,0/1/3.333/2.333/2,230,685,11.301,0,ふぃーばーせんきぜっしょうしんふぉぎあ2
12,Pフィーバーマクロスフロンティア4,電サポ/10R/2R,23126.73/112.25/340.23,0/1400/280,0/1/0.2,319.68,0,0,0,ふぃーばーまくろすふろんてぃあ4
13,新世紀エヴァンゲリオン～未来への咆哮～,電サポ/10R/3R,0.98/103.93/329.71,0/1400/420,0/1/0.3,319.68,0,0,0,しんせいきえゔぁんげりおんみらいへのほうこう
14,P神・天才バカボン～神SPEC～,電サポ/10R,3.13/96.01,0/1400,0/1,319.68,0,0,0,しんてんさいばかぼんかみすぺっく
15,Pスーパー海物語 IN 沖縄5 桜319ver.,電サポ/10R/6R/3R,1.82/187.68/193.36/193.36,0/1400/840/420,0/1/0.6/0.3,319.68,0,0,0,すーぱーうみものがたりいんおきなわ5
16,ぱちんこCR真・北斗無双,電サポ/6R通常/6R確変/16R確変/8R確変/4R確変,1.28/639.13/639.13/234.22/1699.26/284.43,0/840/882/2239.44/1119.72/555.94,0/1/1.05/2.666/1.333/0.666,319.68,0,0,0,しんほくとむそう
17,P大工の源さん 超韋駄天,電サポ/6R/9R/3R,9.84/319.19/200.39/50.12,0/600/900/300,0/1/1.5/0.5,318.13,0,0,0,だいくのげんさんちょういだてん
18,P大工の源さん 超韋駄天 LIGHT,電サポ/3R/9R,8.82/21.39/229.67,0/210/630,2000/1/3,129.51,0,0,0,だいくのげんさんちょういだてんらいと
19,P大海物語4スペシャル,電サポ/10R,1.43/102.61,0/1400,0/1,319.68,950,2.96,0,おおうみものがたりすぺしゃる4
20,P大海物語4スペシャルBLACK,電サポ/10R/5R/3R,1.92/186.94/186.94/140.20,0/1400/700/420,0/1/0.5/0.3,199.8,0,0,0,おおうみものがたりすぺしゃる4ぶらっく
21,P JAWS3 LIGHT,電サポ/10R/4R,6.59/82.45/120.93,0/900/360,0/1/0.4,119.8,359,1.85,0,じょーずらいと
22,ぱちんこ GANTZ 極,電サポ/10R/2R/小当R,14.29/252.91/215.57/1.69,0/1400/280/13.2,0/1/0.2/0.00976429,319.98,950,1.406418,0,ぱちんこがんつきわみ
23,PフィーバータイガーマスクW R,電サポ/10R/5R/9R/2R,9.09/6393.80/336.52/135.48/304.39,0/1400/700/1280/300,0/1/0.5/0.914/0.2142,319.69,800,3.9462,0,ふぃーばーたいがーますくwr
24,Pぱちんこ ガラスの仮面M-K1,電サポ/10R,1.08/106.61,0/1170,0/1,289.98,0,0,0,ぱちんこがらすのかめんm-k1
25,ぱちんこ ガラスの仮面ML-K1,電サポ/10R/4R,0.59/123.23/102.54,0/990/396,0/1/0.4,199.8,0,0,0,ぱちんこがらすのかめんml-k1
26,P笑ゥせぇるすまん ドーンといきまSHOW 199ver.,電サポ/6R/10R/4R,0.58/199.80/134.55/134.55,0/600/999.6/399.96,0/1/1.6666/0.66666,199.8,0,0,0,わらるせぇるすまんどーんといきましょう わらぅせえるすまん わらぅせぇるすまん
27,フィーバー蒼穹のファフナー2 Light ver.,電サポ/9R/3R,33.33/94.84/64.66,0/720/240,0/1/0.3333,99.96,0,0,0,ふぃーばーそうきゅうのふぁふなー2らいとばーじょん
28,フィーバー バイオハザード リベレーションズ2,電サポ/10R/8R/6R/5R/4R,0.76/130.91/3563.99/1527.42/336.52/1069.20,0/1400/1120/840/700/560,0/1/0.8/0.6/0.5/0.4,319.69,0,0,0,ふぃーばーばいおはざーどりべれーしょんず2
29,Pキュインぱちんこ 南国育ち デカパト,電サポ/10R/2R/小当R,1.92/110.65/1555.95,0/1400/600/5.1,0/1/0.04285174/0.00030714,315.08,0,0,0,きゅいんぱちんこなんごくそだちでかぱと
30,Pひぐらしのなく頃に～廻～,電サポ/6R/9R/3R,12.50/319.69/184.19/193.25,0/1260/1890/630,0/1/1.5/0.5,319.69,0,0,0,ひぐらしのなくころにかい
31,PA海物語3R2,電サポ/10R/5R,1.59/898.38/37.43,0/910/455,0/1/0.5,99.9,0,0,0,うみものがたり3r2
32,ぱちんこ ウルトラ6兄弟,電サポ/10R/4R/8R,1.64/129.86/227.26/12.88,1400/284/394,0/1/0.20285714/0.27428571,319.98,0,0,0,ぱちんこうるとらろくきょうだい ぱちんこうるとら6きょうだい
33,Pビッグドリーム2激神 319.7Ver.,電サポ/10R/2R,0.91/116.08/305.63,0/1400/56,0/1/0.04,319.69,0,0,0,びっぐどりーむげきしん
34,P魔法少女リリカルなのは -2人の絆-,電サポ/10R/9R/8R/7R/6R/4R/3R/2R,0.74/193.51/4885.09/4885.09/697.87/610.64/348.93/287.36/118.55/488.51,0/1000/900/800/700/600/500/400/300/200,0/1/0.9/0.8/0.7/0.6/0.5/0.4/0.3/0.2,99.8,0,0,0,まほうしょうじょりりかるなのはふたりのきずな まほうしょうじょりりかるなのは2りのきずな
35,P闘将覇伝,電サポ/9R/5R,10.00/101.49/319.69,0/1134/630,0/1/0.5555,319.69,0,0,0,とうしょうはでん
36,P花の慶次～蓮,電サポ/4R/10R/RUB10R/RUB8R/RUB6R/RUB5R/RUB4R,0.74/319.69/149.25/10447.39/10447.39/10447.39/2321.64/464.33,0/560/1400/1400/1064/840/644/448,0/1/2.5/2.5/1.9/1.5/1.15/0.8,319.69,0,0,0,はなのけいじれん
37,P春夏秋冬ZB,電サポ/10R/7R/4R,1.33/229.17/237.16/427.97,0/1400/980/560,0/1/0.7/0.4,319.69,0,0,0,しゅんかしゅうとうzb
38,P春夏秋冬MA,電サポ/10R/7R/4R,0.90/160.48/147.13/290.83,0/1000/700/400,0/1/0.7/0.4,199.8,0,0,0,しゅんかしゅうとうma
39,P春夏秋冬GLB,電サポ/10R/7R/4R,1.01/370/88.41/83.25,0/810/567/324,0/1/0.7/0.4,99.9,0,0,0,しゅんかしゅうとうglb
40,Pヱヴァンゲリヲン13 エクストラモデル,電サポ/10R/5R/3R,0.89/159.94/179.13/66.26,0/900/450/300,0/1/0.5/0.3,99.9,0,0,0,えゔぁんげりおん13えくすとらもでる
41,PA鉄拳 極 SWEET COMBO,電サポ/10R/6R/4R/2R,0.93/119.35/54.38/123.47/325.51,0/500/250/150,0/1/0.6/0.4/0.2,99.9,0,0,0,てっけんきわみすうぃーとこんぼ てっけんきわみsweet combo
43,P弾球黙示録カイジ沼4 カイジVer.,電サポ/4R/10R,1.18/156.40/131.24,0/480/1200,0/1/2.5,319.69,0,0,0,だんきゅうもくじろくかいじぬま4かいじばーじょん
44,Pルパン三世～神々への予告状～,電サポ/10R/8R/6R/4R/2R,0.75/513.89/2055.56/2055.56/311.11/18.76,0/900/720/540/360/180,0/1/0.8/0.6/0.4/0.2,99.9,0,0,0,るぱんさんせいかみがみへのよこくじょう
45,P GOD EATER-ブラッドの覚醒- 神撃90,電サポ/10R/7R/4R,33.33/127.76/306.33/65.64,0/800/560/320,0/1/0.7/0.4,219.18,0,0,0,ごっどいーたーぶらっどのかくせいしんげき90
46,P GOD EATER-ブラッドの覚醒- アマデジ神撃90,電サポ/10R/7R/4R,16.67/68.24/107.65/53.83,0/360/252/144,0/1/0.7/0.4,99.9,0,0,0,ごっどいーたーぶらっどのかくせいあまでじしんげき90
47,P真・黄門ちゃま 319.7Ver.,電サポ/10R,0.0000000000000000000001/107.44,0/1400,0/1,319.69,0,0,0,しんこうもんちゃま
48,Pフィーバーアクエリオン ALL STARS,電サポ/10R/7R/5R/3R,1.10/127.67/2042.75/2042.75/243.48,0/1400/980/700/420,0/1/0.7/0.5/0.3,319.69,0,0,0,ふぃーばーあくえりおんおーるすたーず
49,Pコードギアス 反逆のルルーシュbR,電サポ/9R+時短1/9R+時短250/左打ち4R/右打ち10R/右打ち7R/右打ち4R,6.67/3196.90/456.70/1598.45/222.94/89.17/148.62,0/900/567/252/1000/468/284,0/1/0.63/0.28/1.111/0.52/0.315555,319.69,0,0,0,こーどぎあすはんぎゃくのるるーしゅ
50,Pキャプテン翼 石崎バージョン,電サポ/2R,0.83/6.58,0/84,0/1,39.96,0,0,0,きゃぷてんつばさいしざきばーじょん
51,P Re:ゼロから始める異世界生活,電サポ/10R/5R/小当R,5/276.07/120.09/3.70,0/900/350/23,0/1/0.3888/0.025555,319.69,0,0,0,りぜろからはじめるいせかいせいかつ
52,デジハネPA交響詩篇エウレカセブン HIｰEVOLUTION ZERO,電サポ/10R/6R/3R,0.68/104.06/420.63/58.68,0/900/540/270,0/1/0.6/0.3,99.9,250,2.951,0,でじはねこうきょうしへんえうれかせぶんはいえぼりゅーしょんぜろ
53,PA花の慶次～蓮,電サポ/4R/10R/5R/RUB8R/RUB6R/RUB5R/RUB4R,0.92/99.90/126.38/257.81/6445.16/2578.06/1171.85/429.68,0/360/900/450/684/497/414/288,0/1/2.5/1.25/1.9/1.38/1.15/0.8,99.9,0,0,0,はなのけいじれん
55,Pジューシーハニー3MGY2,電サポ/10R/4R,1.15/113.65/267.86,0/1260/504,0/1/0.4,249.19,623,3.271467,0,じゅーしーはにー3mgy2
56,PA大海物語4スペシャルwithアグネス・ラム,電サポ/10R/6R/4R,1.43/986.69/65.78/109.63,0/990/594/396,0/1/0.6/0.4,99.9,299,1.26959,0,おおうみものがたり4すぺしゃるうぃずあぐねすらむ
57,P戦国†恋姫2 Vチャージ,電サポ/7R,50.00/35.24,0/441,0/1,199.8,0,0,0,せんごくこいひめぶいちゃーじ
58,ぱちんこウルトラマンタロウ2,電サポ/10R/2R,12.50/115.60/188.13,0/1400/280,0/1/0.2,319.98,950,5.29095714,0,ぱちんこうるとらまんたろう2
59,Pフィーバー革命機ヴァルヴレイヴ2S,電サポ/10R/3R/7R/4R/2R,1.12/520.67/426.25/186.30/227.70/186.30,0/1400/420/980/560/280,0/1/0.3/0.7/0.4/0.2,319.69,0,0,0,ふぃーばーかくめいきゔぁるゔれいゔ2s かくめいきばるぶれいぶ
60,Pギンギラパラダイス 夢幻カーニバル 319.7Ver.,電サポ/10R/6R/4R,1.96/126.74/639.38/240.82,0/1260/700/420,0/1/0.5555/0.33333,319.69,0,0,0,ぎんぱら ぎんぎらぱらだいすむげんかーにばる
61,P北斗の拳8 救世主,電サポ/10R/3R/2R,0.65/113.53/303.95/340.83,0/1400/420/280,0/1/0.3/0.2,319.69,959,5.162194,0,ほくとのけん8きゅうせいしゅ
62,Pベルセルク無双,電サポ/10R/4R/2R/小当R,11.11/133.20/376.11/426.25/3.13,0/900/360/180/19.56,0/1/0.4/0.2/0.0217333,319.69,0,0,0,べるせるくむそう
63,P巨人の星 一球入魂3000,電サポ/9R/8R/4R,25.00/90.18/333.66/3002.91,0/900/800/400,0/1/0.8888/0.4444,319.69,880,6.941944,0,きょうじんのほしいっきゅうにゅうこん3000
64,P宇宙戦艦ヤマト2202 愛の戦士たち,電サポ/10R/2R,1.09/124.39/157.48,0/1400/280,0/1/0.2,319.69,0,0,0,うちゅうせんかんやまと2202あいのせんしたち
65,Pめぞん一刻 Wedding Story,電サポ/10R/2R/小当R,0.73/85.46/593.12/3.23,0/1400/280/0,0/1/0.2/0,319.69,0,0,0,めぞんいっこくうぇでぃんぐすとーりー
66,P新鬼武者 ～DWAN OF DREAMS～,電サポ/10R/2R/小当R,5.26/367.85/79.51/5.26,0/1400/280/34.89,0/1/0.2/0.02492143,319.69,0,0,0,しんおにむしゃだうんおぶどりーむ
67,P世界でいちばん強くなりたいMU,電サポ/4R/9R/6R/3R,12.5/184.71/224.82/224.82/21.41,0/240/540/360/180,0/1/2.25/1.5/0.75,199.8,500,18.51475,0,せかいでいちばんつよくなりたいmu
68,Pフィーバー機動戦士ガンダムユニコーン,電サポ/10R/3R,2.86/109.46/369.43,0/1400/420,0/1/0.3,319.69,0,0,0,ふぁーばーきどうせんしがんだむゆにこーん
69,Pまわるん大海4SP アグネス,電サポ/10R/6R/4R,1.52/1199.08/85.65/119.91,0/1200/720/480,0/1/0.6/0.4,119.8,300,1.18876,0,まわるんおおうみ4すぺしゃる あぐねす
70,Pあぶない刑事,電サポ/6R/4R/2R/小当R,3.03/573.24/621.12/90.90/2.04,0/504/336/168/22.25,0/1/0.66667/0.3333/0.04418651,319.69,900,9.66820873,0,あぶないでか
71,PAスーパー海物語 IN JAPAN2 金富士 99.9Ver.,電サポ/10R/3R,1.61/86.36/91.70,0/990/297,0/1/0.3,99.9,299,1.40481016,0,すーぱーうみものがたりいんじゃぱんきんふじ
72,デジハネPA真北斗無双第2章 連撃Edition,電サポ/10R,0.66/24.69,0/350,0/1,99.9,250,3.96792177,0,しんほくとむそうだいにしょうれんげきえでぃしょん しんほくとむそうだい2しょうれんげきえでぃしょん
73,Pリング 呪いの7日間2 FWA,電サポ/10R/4R/2R/小当R,0.79/91.40/116.84/300.90,0/900/360/180,0/1/0.4/0.2,99.9,0,0,0,りんぐのろいのなのかかん2 りんぐのろいの7かかkん2
74,P DD北斗の拳2 ついでに愛をとりもどせ!! ～ラオウ～,電サポ/10R/4R/3R,16.67/167.36/184.03/42.89,0/900/360/270,0/1/0.4/0.3,199.08,498,4.47122222,0,ほくとのけん2ついでにあいをとりもどせ
75,ぱちんこ冬のソナタ SWEET W HAPPY,電サポ/10R/4R/小当R,1.03/331.79/28.85/1.849,0/900/360/0,0/1/0.4/0,99.9,299,1.54117033,0,ふゆのそなたすぃーとはっぴー
76,Pルパン三世 ～復活のマモー～,電サポ/10R/3R,1.14/143.20/84.39,0/1300/390,0/1/0.3,219.92,599,3.37524788,0,るぱんさんせいふっかつのまもー
77,Pデビルマン～疾風迅雷～,電サポ/7R/5R/3R/2R,20.00/118.40/338.23/50.74/3044.09,0/700/500/300/200,0/1/0.7142/0.4285/0.2857,319.69,959,8.90772857,0,でびるまんしっぷうじんらい
78,Pコードギアス 反逆のルルーシュ 強ライトミドル,電サポ/通常時6R/通常時4R/サポ中10R/サポ中7R/サポ中4R,4.76/264.05/1056.18/239.91/65.43/119.95,0/360/240/900/450/270,0/1/0.666/2.5/1.25/0.75,222.2,666,14.0236389,0,こーどぎあすはんぎゃくのるるーしゅきょうらいとみどる
79,Pキャプテン翼 2020,電サポ/10R/3R/2R/小当R,1.43/139.83/139.83/317.28/11.11,0/1260/378/252/14.96,0/1/0.3/0.2/0.01187302,319.69,0,0,0,きゃぷてんつばさ2020
80,PAスーパー海物語 IN 沖縄5 with アイマリン,電サポ10R/5R,1.69/391.31/43.70,0/1000/500,0/1/0.5,99.9,0,0,0,すーぱーうみものがたりいんおきなわ5うぃずあいまりん
81,PA FAIRY TAIL2 JWA,電サポ/3R/10R,0.88/47.57/141.90,0/300/900,0/1.0/3.0,99.9,298,1.8527222,0,ふぇありーている2
82,ぱちんこウルトラ6兄弟 Light,電サポ/10R/6R/3R,0.76/269.39/48.98/42.16,0/600/360/180,0/1/0.6/0.3,99.9,299,3.80084111,0,うるとら6きょうだいらいと
83,Pリアル鬼ごっこ2 全力疾走チャージ鬼,電サポ/10R/5R/3R,6.25/149.34/211.91/42.12,0/900/270/250,0/1/0.3/0.2777,222.91,666,6.261788,0,りあるおにごっこぜんりょくしっそうちゃーじおに
84,Pリアル鬼ごっこ2 全力疾走チャージ翼,電サポ/10R/5R/3R,6.25/141.76/222.91/39.75,0/900/270/250,0/1/0.3/0.2777,222.91,0,0,0,りあるおにごっこぜんりょくしっそうちゃーじつばさ
86,Pモンスターハンターダブルクロス,電サポ/10R/小当R,7.14/140.1/5.56,0/1400/26.28,0/1/0.01877143,319.69,0,0,0,もんすたーはんたーだぶるくろす もんはん
87,Pスーパー海物語IN沖縄5 桜早咲き,電サポ/10R/5R/3R,1.85/202.84/135.23/135.23,0/1300/650/390,0/1/0.5/0.3,199.8,0,0,0,すーぱーうみものがたりいんおきなわ5さくらはやざき
88,Pゴッドイーター 究極の一閃,電サポ/10R/2R,100.0/103.13/319.69,0/1400/280,0/1/0.2,319.69,0,0,0,ごっどいーたーきゅうきょくのいっせん
89,P009 RE:CYBORG ACCELERATOR EDITION,電サポ/10R/9R/8R/7R/6R/5R/4R/3R/2R,0.85/555.0/4995.0/4995.0/701.05/713.57/499.5/333/72.79/799.2,0/1300/1170/1040/910/780/650/520/390/260,0/1/0.9/0.8/0.7/0.6/0.5/0.4/0.3/0.2,199.8,0,0,0,りさいぼーぐあくせられーたーえでぃしょん
90,Pバキ 319,電サポ/実質9R/実質2R,33.33/99.09/191.29,0/1260/280,0/1/0.2222,319.69,0,0,0,ばき
91,P J-RUSH5 HSJ,電サポ/10R/3R/突確,1.37/103.77/196.66/687.38,0/1170/351/0,0/1/0.3/0,288.7,0,0,0,じぇいらっしゅ5 じぇーらっしゅ5
92,P J-RUSH5 RSJ,電サポ/10R/3R/突確,1.75/111.82/100.0/1175.29,0/1080/324,0/1/0.3/0,199.8,500,2.481222,0,じぇいらっしゅ5 じぇーらっしゅ5
93,P北斗の拳9 闘神,電サポ/10R/3R,3.85/112.17/319.69,0/1400/420,0/1/0.3,319.69,0,0,0,ほくとのけん9とうしん
94,Pデビルメイクライ4 クレイジーバトル,電サポ/10R/5R/3R,33.33/138.21/96.50/103.66,0/900/450/300,0/1/0.5/0.3,319.69,0,0,0,でびるめいくらい4くれいじーばとる でびめい
95,Pモモキュンソード閃撃,電サポ/9R/3R/10R/7R/4R,4.76/1009.67/206.07/189.09/378.19/54.03,0/936/312/956/644/332,0/1/0.333/1.0213/0.68803/0.3547008,219.18,550,5.22435879,0,ももきゅんそーどせんげき
96,Pとある魔術の禁書目録,電サポ/10R/4R,0.74/114.02/140.13,0/1400/360,0/1/0.2571,319.69,800,3.61594715,0,とあるまじゅつのいんでっくす
97,P蒼天の拳 双龍,電サポ/10R/3R,1.25/139.30/100.06,0/1400/420,0/1/0.3,319.69,0,0,0,そうてんのけんそうりゅう
98,P弾球黙示録カイジ沼4 カイジ,電サポ/10R/4R,1.18/131.24/156.40,0/1200/480,0/1/0.4,319.69,0,0,0,だんきゅうもくじろくぬま4かいじ
99,PヤッターマンVVV,電サポ/9R/6R/4R/3R,20.00/153.63/1728.37/432.09/99.33,0/1170/780/520/390,0/1/0.66/0.44/0.33,199.8,0,0,0,やったーまんvvv
100,PAスーパー海物語IN地中海,電サポ/10R/6R/4R,0.83/1421.04/58.00/58.00,0/770/462/308,0/1/0.6/0.4,89.81,0,0,0,すーぱーうみものがたりいんちちゅうかい
101,P真・北斗無双 第2章 頂上決戦,電サポ/10R/5R/小当R,4.55/302.73/120.36/7.14,0/980/490/26.41,0/1/0.5/0.02694898,199.8,0,0,0,しんほくとむそう2だい2しょうちょうじょうけっせん しんほくとむそう2だいにしょうちょうじょうけっせん
102,P戦国乙女5,電サポ/10R/5R/2R,0.895/523.04/39.66/499.50,0/810/405/162,0/1/0.5/0.2,99.9,0,0,0,せんごくおとめ5
103,PAフィーバー機動戦士ガンダム 逆襲のシャア LIGHT,電サポ/10R/6R/4R/3R,5.179/184.26/215.14/66.45/99.90,0/700/420/280/210,0/1/0.6/0.4/0.3,99.9,0,0,0,きどうせんしがんだむぎゃくしゅうのしゃぁ
104,PA CYBORG009 CALL OF JUSTICE N-X1,電サポ/10R/7R/6R/5R/4R/3R,0.611/407.76/4077.55/2038.78/815.51/85.28/23.30,0/600/420/360/300/240/180,0/1/0.7/0.6/0.5/0.4/0.3,99.9,0,0,0,りさいぼーぐこーるおぶじゃすてぃすn-x1
105,P銀河鉄道999 PREMIUM,電サポ/10R/小当R,1.956/83.47/5.377,0/900/15.07,0/1/0.0167444,319.69,0,0,0,ぎんがてつどうすりないんぷれみあむ
106,P新世紀エヴァンゲリオン 〜シト、新生〜PREMIUM MODEL,電サポ/4R/2R/小当R,1.032/36.39/327.54/10.662,0/400/60/16.92,0/1/0.15/0.0423,99.9,0,0,0,しんせいきえゔぁんげりおんしとしんせいぷれみあむもでる
107,P GⅠドリームロード,電サポ/10R/3R/小当R,3.687/151.67/153.79/1.606,0/1400/420/0.9,0/1/0.3/0.000642,219.92,0,0,0,じーわんどりーむろーど g1
108,P戦国BASARA,電サポ/10R/8R/6R/4R,0.796/207.80/953.74/655.51/150.48,0/1400/1120/840/560,0/1/0.8/0.6/0.4,222.35,0,0,0,せんごくばさら
109,P ROKUROKU 6000,電サポ/10R,1.063/73.4,0/900,0/1,319.69,0,0,0,ろくろく6000
110,P烈火の炎3 TYPE R,電サポ/7R/2R/小当R,7.882/319.69/88.80/2.207,0/392/112,0/1/0.28571429,319.69,0,0,0,れっかのほのお3たいぷr
111,Pフィーバー真花月2 夜桜バージョン,電サポ/10R/6R/3R,0.919/210.30/105.15/210.30,0/1100/660/330,0/1/0.6/0.3,199.8,500,2.1571259,0,しんかげつ2よざくらばーじょん
112,P10カウントチャージ絶狼MC,電サポ/10R/6R,71.679/134.89/336.52,0/1400/840,0/1/0.6,319.69,0,0,0,てんかうんとちゃーじぜろmc
113,P D-CLOCK,電サポ/10R/9R/2R,41.477/580.68/82.95/64.94,0/720/648/144,0/1/0.9/0.2,197.43,0,0,0,でぃーくろっくd-clock
114,P元祖大工の源さん,電サポ/10R/5R/小当R,1.83/214.70/106.22,0/1300/650/0,0/1/0.5/0,199.8,0,0,0,がんぞだいくのげんさん
115,P一騎当千SS斬 呂蒙,電サポ/10R/9R/4R/3R,1.283/508.30/154.70/91.74/154.70,0/900/810/360/270,0/1/0.9/0.4/0.3,109.71,0,0,0,いっきとうせんssざんりょもう
116,Pリング 呪いの7日間2,電サポ/10R/4R/2R,1.431/111.43/181.95/1883.18,0/1300/520/260,0/1/0.4/0.2,319.69,885,3.7277,0,りんぐのろいのなのかかん
117,PAうる星やつら～ラムのLoveSong～,電サポ/10R/5R/4R,0.644/114.83/114.83/99.90,0/720/360/288,0/1/0.5/0.4,99.9,0,0,0,うるせいやつららむのらぶそんぐ
118,P13日の金曜日MA,電サポ/8R/小当R,1.335/44.22/1.439,0/640/0,0/1/0,199.8,0,0,0,13にちのきんようびma
119,P13日の金曜日GLA,電サポ/8R/小当R,1.244/21.87/0.971,0/320/0,0/1/0,99.9,0,0,0,13にちのきんようびgla
120,PモモキュンソードMC,電サポ/10R/5R/4R,9.601/141.63/185.97/142.72,0/1300/350/340,0/1/0.269/0.261,199.8,0,0,0,ももきゅんそーどmc
121,Pカナカナ2〜桃汁100％〜,電サポ/10R/2R,1.69/108.93/51.26,0/900/180,0/1/0.2,56.82,0,0,0,かなかなももじるひゃくぱーせんと かなかなももじる100%
122,P貞子3D2〜呪われた12時間〜,電サポ/10R/3R,0.841/118.22/143.54,0/1260/378,0/1/0.3,319.69,0,0,1,さだこ3d2のろわれた12じかん
123,Pフィーバーバイオハザード リベレーションズ2,電サポ/10R/8R/6R/4R,0.646/748.31/230.18/460.37/124.80,0/1400/1120/840/560,0/1/0.8/0.6/0.4,199.8,0,0,0,ばいおはざーどりべれーしょんず2
124,Pひぐらしのなく頃に～憩,電サポ/9R/3R,6.377/90.77/56.79,0/720/240,0/1/0.333,119.82,0,0,0,ひぐらしのなくころにいこい
125,PAフィーバーバイオハザード リベレーションズ2 LIGHT,電サポ/10R/8R/6R/4R/3R,0.878/121.53/1387.5/1387.5/198.21/102.99,0/900/720/540/360/270,0/1/0.8/0.6/0.4/0.3,99.9,0,0,0,ばいおはざーどりべれーしょんず2らいと
126,P遠山の金さん2 遠山桜と華の密偵JUD,電サポ/10R/2R,0.979/74.33/1412.33,0/1040/208,0/1/0.2,256.0,760,3.16410783,0,とおやまのきんざん2とおやまざくらとはなのみっていjud
127,Pダンガンロンパ,電サポ/10R/4R,0.889/167.63/95.69,0/1300/520,0/1/0.4,222.95,0,0,0,だんがんろっぱ
128,Pおばけらんど怪GLS,電サポ/10R/5R/3R,0.888/493.33/49.64/35.24,0/600/300/180,0/1/0.5/0.3,99.9,0,0,0,おばけらんどかいgls
129,PAぱちんこ新必殺仕置人TURBO,電サポ/10R/3R,0.611/104.54/49.08,0/900/270,0/1/0.3,99.9,280,4.40184374,0,ひっさつしおきにんたーぼ
130,P鳳凰∞ ライトミドル,電サポ/9R/2R,47.119/104.25/76.16,0/990/220,0/1/0.2222,197.43,0,0,0,ほうおうらいとみどる
131,Pアナザーゴッドハーデス ザ・ワールド,電サポ/10R/7R/4R,1.14/276.54/233.68/87.92,0/1200/840/480,0/1/0.7/0.4,199.8,0,0,0,あなご あなざーごっどはーです
132,PAフィーバーアクエリオン ALL STARS LIGHT,電サポ/10R/7R/5R/3R,0.728/130.19/1041.55/1041.55/45.80,0/900/630/450/270,0/1/0.7/0.5/0.3,89.91,225,1.778,0,あくえりおんおーるすたーずらいと
133,PA GI DREAM駿,電サポ/10R/3R,0.89/82.97/65.90,0/700/231,0/1/0.3,99.9,0,0,0,g1どりーむしゅん じーわんどりーむしゅん
134,ぱちんこ仮面ライダー轟音,電サポ/10R/3R/2R,0.975/110.45/304.57/443.42,0/1400/420/280,0/1/0.3/0.2,319.98,950,4.7767,0,かめんらいだーごうおん
135,P烈火の炎3,電サポ/10R/4R/2R/小当R,1.12/175.88/64.53/134.27/1.494,0/700/280/70/8.92,0/1/0.4/0.1/0.01274,99.9,0,0,0,れっかのほのお3
136,Pスーパー海物語 IN JAPAN 2 金富士 319.7Ver.,電サポ/10R/7R/4R,1.877/209.98/209.98/244.97,0/1400/980/560,0/1/0.7/0.4,319.69,0,0,0,すーぱーうみものがたりいんじゃぱん2きんふじ
137,Pスーパー海物語 IN JAPAN 2 金富士 199.8Ver.,電サポ/10R/6R/3R,1.235/166.50/142.71/142.71,0/1120/672/336,0/1/0.6/0.3,199.8,0,0,0,すーぱーうみものがたりいんじゃぱん2きんふじ
138,PA真・怪獣王ゴジラNL-K1,電サポ/10R/5R/4R,0.639/127.69/82.90/74.41,0/720/360/288,0/1/0.5/0.4,77.1,0,0,0,しんかいじゅうおうごじらnl-k1
139,P ROAD TO EDEN,電サポ/9R/7R/6R/5R/4R/2R,7.362/128.53/604.58/604.58/494.65/199.80/454.43,0/990/770/660/550/440/220,0/1/0.777/0.666/0.555/0.444/0.222,199.8,0,0,0,ろーどとぅえでん
140,ぱちんこGI 優駿倶楽部,電サポ/10R/6R/4R/3R/2R/小当R,12.614/118.69/2003.87/1001.94/60.55/1001.94,0/900/540/360/270/180/0.81,0/1/0.6/0.4/0.3/0.2/0.0009,99.9,250,1.35751261,0,g1
141,戦国パチンコP義風堂々!! 〜兼続と慶次〜2 N-X,電サポ/9R/6R/4R/3R,6.232/115.45/934.26/101.92/84.93,0/810/540/360/270,0/1/0.666/0.444/0.333,100.9,0,0,0,せんごくぱちんこぎふうどうどうかねつぐとけいじ2
142,P真・牙狼RS,電サポ/10R/3R/2R,1.183/135.82/300.82/316.92,0/1400/420/280,0/1/0.3/0.2,319.69,900,4.5105,1,しんがろrs
143,P新世紀エヴァンゲリオン 決戦 ～真紅～,電サポ/10R/3R,1.408/130.56/192.73,0/1400/420,0/1/0.4,319.69,959,4.15326875,0,しんせいきえゔぁんげりおんけっせんしんく
144,P戦国乙女6 暁の関ヶ原 222.9Ver.,電サポ/10R/4R/3R/2R,1.821/137.40/412.19/209.8/385.39,0/1400/560/420/280,0/1/0.4/0.3/0.2,222.91,666,3.523,0,せんごくおとめ6あかつきのせきがはら
145,Pリング 呪いの7日間2 FSA,電サポ/10R/4R/2R,1.134/117.71/112.17/1199.20,0/1200/480/240,0/1/0.4/0.2,199.8,759,2.732,0,りんぐのろいの7かかん りんぐのろいのなのかかん
146,PフィーバークィーンⅡ,電サポ/10R/4R,1.392/245.72/36.72,0/960/384,0/1/0.4,99.9,292,2.2,0,ふぃーばーくいーん queen
147,ぱちんこ劇場版魔法少女まどか☆マギカ キュゥべえ,電サポ/10R/3R+電サポ4回/3R+電サポ25回,2.172/97.21/134.81/76.15,0/900/216/270,0/1/0.24/0.3,100,300,2.7731,0,げきじょうばんまほうしょうじょまどかまぎあきゅうべえ まどまぎ
148,P学園黙示録ハイスクール･オブ･ザ･デッド2 弾丸,電サポ/9R/8R/5R/3R,18.082/146.00/615.14/602.96/283.41,0/1260/1120/700/420,0/1/0.889/0.556/0.333,319.69,959,4.63,0,がくえんもくじろくはいすくーるおぶざでっど2だんがん
149,Pおそ松さんのゴールデンロード,電サポ/10R/5R/3R/2R,0.686/127.26/1399.83/156.50/233.30,0/1260/630/378/252,0/1/0.5/0.3/0.2,219.18,625,3.5203,0,おそまつさんのごーるでんろーど
150,P結城友奈は勇者である,電サポ/10R/7R,78.821/75.79/187.21,0/800/567,0/1/0.70875,198.63,555,4.4525,0,ゆうきゆなはゆうしゃである
151,Pフィーバーゴルゴ13 疾風,電サポ/10R/3R/2R,72.657/117.49/676.21/553.26,0/1400/420/280,0/1/0.3/0.2,319.69,950,2.5444,0,ごるごさーてぃーんしっぷう
152,Pビッグドリーム2激神 199.8Ver.,電サポ/7R/2R,0.906/81.66/384.56,0/980/280,0/1/0.28571429,199.8,599,3.328,0,びっぐどりーむ2げきしん
153,PA戦国BASARA,電サポ/10R/8R/6R/4R,0.822/264.29/542.93/271.47/52.30,0/900/720/540/360,0/1/0.8/0.6/0.4,99.9,0,0,0,せんごくばさら
154,PAドラム海物語 IN JAPAN,電サポ/10R/6R/4R,1.205/419.87/73.02/73.02,0/900/540/360,0/1/0.6/0.4,99.9,290,1.293,1,どらむうみものがたりいんじゃぱん
155,Pぱちんこ乗物娘 with CYBER JAPAN DANCERS 3個賞球,電サポ/10R/8R/6R/4R,0.907/116.83/6222.22/6222.22/80.48,0/900/720/540/360,0/1/0.8/0.6/0.4,199.8,0,0,0,のりものむすめ さいばーじゃぱんだんさーず サイバージャパンダンサーズ CJD
156,Pぱちんこ乗物娘 with CYBER JAPAN DANCERS 1個賞球,電サポ/10R/8R/6R/4R,0.924/120.72/6445.20/6445.20/82.10,0/1000/800/600/400,0/1/0.8/0.6/0.4,199.8,0,0,0,のりものむすめ さいばーじゃぱんだんさーず サイバージャパンダンサーズ CJD
157,ぱちんこウルトラセブン超乱舞,電サポ/10R/3R,0.916/81.65/59.31,0/900/270,0/1/0.3,199.92,500,6.274,0,うるとらせぶんちょうらんぶ
158,P銭形平次2 疾風ST,電サポ/通常中10R/サポ中10R/2R,1.006/190.41/16.73/190.41,0/180/280/36,0/1/1.5556/0.2,99.9,299,9.85124,0,ぜにがたへいじ2しっぷうst
159,P真・北斗無双 第3章,電サポ/10R/7R/4R/3R,8.947/211.85/211.85/105.92/304.00,0/1100/740/380/360,0/1/0.6727/0.3545/0.3273,319.69,955,5.8418,0,しんほくとむそうだい3しょう しんほくとむそうだいさんしょう
160,Pパイレーツオブダイナマイトキング,電サポ/10R/6R/2R/1R,14.038/43.06/146.94/19.35/92.77,0/1300/780/169/130,0/1/0.6/0.13/0.1,59.8,0,0,0,ぱいれーつおぶだいなまいときんぐ
161,ぱちんこ冬のソナタFOREVER,電サポ/10R/2R,1.216/93.25/510.89,0/1400/56,0/1/0.04,319.98,950,3.2565956,0,ふゆそな ふゆのそあたふぉーえゔぁー
162,P閃乱カグラ2 胸躍る,電サポ/10R/7R/4R/5R,8.125/136.05/7542.72/153.24/191.81,0/1200/840/480/300,0/1/0.7/0.4/0.25,199.8,599,4.07956667,0,せんらんかぐら2むねおどる
163,PA貞子vs伽椰子 頂上決戦,電サポ/9R/6R/3R,8.243/82.58/60.29/165.15,0/540/360/180,0/1/0.667/0.333,99.9,297,3.56,0,さだこぶいえすかやこちょうじょうけっせん
164,P真･黄門ちゃま 99.9Ver.,電サポ/10R/3R,0.606/150.04/32.66,0/900/270,0/1/0.3,99.9,265,2.041,0,しんこうもんちゃま
165,P真･黄門ちゃま 199.8Ver.,電サポ/10R/4R,102.462/102.46/199.80,0/1100/440,0/1/0.4,199.8,0,0,0,しんこうもんちゃま
166,P春一番～恋絵巻～ZE,電サポ/10R/4R/2R,0.841/175.15/138.08/652.43,0/1400/560/280,0/1/0.4/0.2,319.69,959,3.4228,1,はるいちばんこいえまきze
167,P春一番～恋絵巻～MB,電サポ/10R/4R/2R,0.679/126.72/88.63/383.32,0/1000/400/200,0/1/0.3/0.2,199.8,599,3.081,1,はるいちばんこいえまきmb
168,Pアナザーゴッドポセイドン 怒涛の神撃,電サポ/10R/6R/2R,7.676/130.12/306.57/448.21,0/1400/840/280,0/1/0.6/0.2,319.69,959,3.92222,0,あなご あなざーごっどはーですぽせいどんどとうのしんげき
169,P真シャカラッシュ,電サポ/10R/9R/3R,3.158/163.03/380.40/197.43,0/1200/1080/360,0/1/0.9/0.3,197.43,0,0,1,しんしゃからっしゅ
170,PモモキュンソードGC250A,電サポ/10R/4R,4.757/80.43/41.32,0/700/280,0/1/0.4,89.91,250,3.0622,0,ももきゅんそーどgc250a
171,P FAIRY TAIL2 JQD,電サポ/9R/5R,1.47/79.32/181.64,0/900/500,0/1/0.5556,199.8,558,4.5584,0,ふぇありーている2
172,新世紀エヴァンゲリオン決戦プレミアムモデル,電サポ/10R/3R,1.111/107.90/45.33,0/900/270,0/1/0.3,99.9,299,2.28667,0,しんせいきえゔぁんげりおんけっせんぷれみあむもでる
173,P野生の王国5 GO 遊タイム付,電サポ/10R/3R,0.923/132.17/84.81,0/1200/360,0/1/0.3,289.98,800,2.994717,0,やせいのおうこく5ごー
174,P野生の王国5 GO,電サポ/10R/4R/2R,1.064/141.54/110.71/508.16,0/1200/480/240,0/1/0.4/0.3,289.98,0,0,0,やせいのおうこく5ごー
175,P物語セカンドシーズンGEE,電サポ/10R/9R/7R/6R/4R/3R,6.94/3126.37/151.14/3843.85/155.99/185.52/164.42,0/1000/900/700/600/400/300,0/1/0.9/0.7/0.6/0.4/0.3,199.8,599,3.6114,0,ものがたりせかんどしーずんgee
176,Pフィーバーアイドルマスター ミリオンライブ！,電サポ/10R/3R,1.856/173.74/84.13,0/1400/420,0/1/0.3,319.69,959,1.754,0,あいます あいどるますたーみりおんらいぶ
177,Pひぐらしのなく頃に～瞬～,電サポ/9R/6R/3R,1.355/1927.61/103.49/165.34,0/1260/840/420,0/1/0.6667/0.3333,319.79,950,4.1112,1,ひぐらしのなくころにまたたき
178,PAフィーバー真花月2 Light,電サポ/10R/5R,1.258/596.08/31.37,0/900/450,0/1/0.5,99.9,250,1.525,0,しんかげつ2らいと
179,P JAWS3 SHARK PANIC-深淵-,電サポ/10R/4R,15.073/112.67/304.29,0/1400/560,0/1/0.4,319.69,959,5.1025,0,じょーずしゃーくぱにっくしんぶち
180,P安心ぱちんこキレパンダinリゾート 79.9Ver.,電サポ/10R/5R,1.485/505.51/26.61,0/600/300,0/1/0.3,79.9,200,0.58688,0,あんしんぱちんこきれぱんだいんリゾート
181,P安心ぱちんこキレパンダinリゾート,電サポ/電サポ中10R/10R/2R,1.088/132.90/350.69/575.08,0/1400/900/56,0/1/0.64285714/0.04,318.14,800,2.919,0,あんしんぱちんこきれぱんだいんリゾート
182,ぱちんこGANTZ:2 Sweetバージョン,電サポ/10R/5R/4R/3R/小当R,0.843/572.64/55.39/96.21/76.16/1.689,0/700/250/200/150/9.31,0/1/0.35714286/0.28571429/0.21428571,99.9,299,3.94839348,0,がんつ2すうぃーとばーじょん
183,Pキュインぱちんこ 南国育ち デカパト 甘デジ,電サポ/10R/4R,1.021/133.20/57.09,0/900/360,0/1/0.4,99.9,0,0,0,きゅいんぱちんこなんごくそだちでかぱと
184,笑ゥせぇるすまん最後の忠告～今日のお客様はあなたです～,電サポ/10R/3R,0.797/157.09/92.02,0/900/360,0/1/0.4,219.92,550,3.426,0,わらるせぇるすまんどーんとこんやのおきゃくさまはあなたです わらぅせえるすまん わらぅせぇるすまん
185,ぱちんこAKB48 桜 Light,電サポ/8R/3R/4R,13.445/277.63/14.61/95.19,0/480/180/128,0/1/0.375/0.266667,99.9,299,5.69,0,えーけーびー48さくららいと akb48
186,P貞子3D2 Light ～呪われた12時間～,電サポ/10R/3R,0.595/380.42/28.45,0/1000/300,0/1/0.3,109.9,275,1.785,1,さだこ3d2のろわれた12じかん
187,PモンキーターンV,電サポ/10R/4R/3R,9.343/93.19/195.75/221.85,0/1000/400/300,0/1/0.4/0.3,199.2,500,500,0,もんきーたーんv
188,Pフィーバー戦姫絶唱シンフォギアYR,電サポ/9R/7R/5R/3R,5.337/111.83/1979.74/304.58/43.90,0/720/560/400/240,0/1/0.778/0.556/0.333,99.9,299,299,0,せんきぜっしょうしんふぉぎあyr
189,PパトラッシュV RED,電サポ/通常時10R/電サポ中10R,6.723/303.28/141.00,0/900/1400,0/1/1.5556,319.69,950,7.7617,0,ぱとらっしゅvred ぱとらっしゅvれっど
190,PパトラッシュV GREEN,電サポ/10R/通常時3R/電サポ中3R,3.169/586.64/32.46/199.80,0/1100/330/270,0/1/0.3/0.245454,199.8,500,3.7159,0,ぱとらっしゅvgreen ぱとらっしゅvぐりーん
191,Pバーストエンジェル3,電サポ/3R/小当R,0.00000000001/75.47/4.732,0/120/52.36,0/1/0.4363333,199.8,0,0,0,ばーすとえんじぇる3
192,PAわんわんパラダイスV,電サポ/10R/6R/4R,0.957/165.11/64.48/64.48,0/720/432/288,0/1/0.6/0.4,99.9,250,2.998722,0,わんわんぱらだいすv わんぱらv
193,ぱちんこ戦国コレクション,電サポ/10R/3R,0.758/39960.0/126.21/77.50,0/1300/1080/324,0/1/0.837/0.24923,199.8,500,2.587,0,せんごくこれくしょん
194,P銀河鉄道999 GOLDEN,電サポ/10R/5R,0.74/88.68/70.68,0/900/450,0/1/0.5,99.9,250,1.637,0,ぎんがてつどうすりーないんごーるでん
195,P FAIRY TAIL2 JHD,電サポ/9R/5R,1.157/71.85/319.19,0/900/500,0/1/0.5556,319.69,881,6.18,0,ふぇありーている2
196,P甲鉄城のカバネリGFB,電サポ/4R/2R/小当R,24.019/130.42/144.83/3.018,0/440/154/31.48,0/1/0.45/0.07154,319.69,950,10.487,0,こうてつじょうのかばねりgfb
197,P甲鉄城のカバネリGEE,電サポ/4R/2R/小当R,2.365/96.35/136.59,0/360/126/25.76,0/1/0.35/0.07155,219.18,650,9.07,0,こうてつじょうのかばねりgee
198,P中森明菜 ～歌姫伝説～ THE BEST LEGEND,電サポ/10R/2R,1.574/103.66/650.02,0/1400/112,0/1/0.08,319.69,0,0,0,なかもりあきなうたひめでんせつざべすとれじぇんど
199,Pバジリスク～甲賀忍法帖～2 朧の章,電サポ/10R/8R/6R/5R/4R/2R,0.492/322.60/1111.21/666.73/34.00/666.73/277.80,0/630/504/378/315/252/126,0/1/0.8/0.6/0.5/0.4/0.2,99.9,299,4.66,0,ばじりすくこうがにんぽうちょう2おぼろのしょう
200,Pキュインぱちんこ ピンク★レディー,電サポ/10R/2R,1.114/90.03/728.39,0/1400/280,0/1/0.2,319.69,0,0,0,ぴんくれでぃー
201,Pガールフレンド(仮)M2-K YT500,電サポ/10R/4R,0.845/115.74/73.29,0/1000/400,0/1/0.4,199.8,500,2.487,0,がーるふれんどかりm2-k yt500
202,PAリング バースデイ 呪いの始まりFWC,電サポ/9R/3R,0.613/95.60/49.33,0/810/270,0/1/0.333,99.9,0,0,0,りんぐばーすでいのろいのはじまりfwc
203,P DD北斗の拳2 ついでに愛をとりもどせ!! ～ケンシロウ～,電サポ/10R/3R/2R,1.578/121.72/639.38/250.56,0/1400/420/280,0/1/0.3/0.2,319.69,959,4.6765,0,ほくとのけん2ついでにあいをとりもどせけんしろう
204,P花の慶次 蓮,電サポ/10R/8R/6R/5R/4R/3R,0.783/106.46/14904.03/3726.11/2980.89/745.22/199.8,0/1200/960/720/600/480/320,0/1/0.8/0.6/0.5/0.4/0.3,199.8,550,4.13,0,はなのけいじれん
205,P織田信奈の野望 全国版MGa,電サポ/10R/3R,0.887/116.68/82.33,0/1300/390,0/1/0.3,199.8,500,2.428,0,おだのぶなのやぼうぜんこくばんmga
206,P競女!!!!!!!!-KEIJO- 319.7Ver.,電サポ/10R/3R,0.779/112.55/165.57,0/1400/420,0/1/0.3,319.69,800,4.334,1,けいじょ
207,P競女!!!!!!!!-KEIJO- 199.8Ver.,電サポ/10R/6R/3R,0.713/111.44/224.38/106.36,0/1000/600/300,0/1/0.6/0.3,199.8,590,4.26,1,けいじょ
208,P地獄少女 きくりのお祭りLIVE FWA,電サポ/10R/6R/2R,0.0463/3298.11/108.96/19.47,0/810/486/162,0/1/0.6/0.2,69.9,0,0,0,じごくしょうじょきくりのおまつりらいぶfwa
209,Pギンギラパラダイス 夢幻カーニバル 199.8Ver.,電サポ/10R/6R/4R,1.355/142.76/439.12/103.81,0/1170/650/390,0/1/0.5556/0.3333,199.8,599,3.318,0,ぎんぎらぱらだいすむげんかーにばる ぎんぱら
210,Pガールズ&パンツァー 劇場版,電サポ/10R/9R/8R/7R/6R/4R,8.395/108.75/1105.52/1105.52/1105.52/1105.52/97.26,0/900/810/720/630/540/360,0/1/0.9/0.8/0.7/0.6/0.4,199.8,500,4.40,0,がーるずあんどぱんつぁーげきじょうばん
211,P弾球黙示録カイジ5 電撃,電サポ/電サポ中10R/4R/通常時10R,11.5/138.9/217.26/319.69,0/1400/560/400,0/1/0.4/0.2857,319.69,0,0,1,だんきゅうもくじろくかいじ5でんげき
212,P弾球黙示録カイジ5 プラズマ,電サポ/電サポ中10R/4R/通常時10R,15.717/122.97/476.90/319.69,0/1400/560/400,0/1/0.4/0.2857,319.69,0,0,1,だんきゅうもくじろくかいじ5ぷらずま
213,Pフィーバーパワフル,電サポ10R/5R/3R,1.546/274.80/70.16/80.43,0/960/480/288,0/1/0.5/0.3,99.9,292,1.37,0,ふぃーばーぱわふる
214,PA激デジジューシーハニー3NBY,電サポ/10R/4R/3R,1.203/363.87/42.42/78.53,0/900/360/270,0/1/0.4/0.3,77.74,200,1.63,0,げきでじじゅーしーはにー3nby
215,P閃乱カグラ2 パイまみれ,電サポ/10R/7R/5R,5.606/88.25/106.6/100.4,0/700/490/350,0/1/0.7/0.5,99.9,299,3.527,0,せんらんかぐら2ぱいまみれ
216,P超ハネ獣王,電サポ/8R/1R,4.762/76.00/158.85,0/936/117,0/1/0.125,158.85,0,0,0,ちょうはねじゅうおう
217,P結城友奈は勇者である GC250Ba,電サポ/10R/7R,34.154/31.38/88.8,0/400/280,0/1/0.7,88.8,250,5.975,0,ゆうきゆなはゆうしゃである gc250ba
218,P戦国乙女6 暁の関ヶ原 99.9Ver.,電サポ/10R/4R/2R,1.011/125.81/56.31/290.21,0/900/360/180,0/1/0.4/0.2,99.9,777,2.5923,0,せんごくおとめ6あかつきのせきがはら
219,P学園黙示録ハイスクール・オブ・ザ・デッド2 弾丸,電サポ/9R/8R/5R/3R,8.804/74.61/178.99/175.45/77.66,0/567/480/300/189,0/1/0.846/0.529/0.333,88.6,222,2.695,0,がくえんもくじろくはいすくーるおぶざでっど2だんがん
220,Pフィーバーゴルゴ13 -疾風マシンガン-,電サポ/10R/3R,12.349/291.25/27.85,0/900/270,0/1/0.3,199.8,599,4.999,0,ふごるごさーてぃーんしっぷうましんがん ごるご13
221,Pビビッドレッドオペレーション,電サポ/10R/7R/4R,0.874/177.35/219.92/177.35,0/1300/910/520,0/1/0.7/0.4,219.92,599,3.461,0,びびっどれっどおぺれーしょん
222,Pバジリスク桜花忍法帖,電サポ/10R/5R/3R/小当R,1.0/270.19/270.19/202.64/1248.79/14.127,0/1400/700/420/104/46.56,0/1/0.5/0.3/0.074/0.033,319.69,0,0,0,ばじりすくおうかにんぽちょう
223,Pスーパー海物語IN沖縄5LTV,電サポ/10R/突確,1.462/101.32/789.75,0/1400/0,0/1/0,319.69,0,0,0,すーぱーうみものがたりいんおきなわ5ltv
224,Pひぐらしのなく頃に～囁～,電サポ/9R/6R/3R,0.885/81.22/4995.0/79.92,0/720/480/240,0/1/0.667/0.333,99.9,0,0,1,ひぐらしのなくころにささやき
225,P火曜サスペンス劇場 最後の推理,電サポ10R/4R,0.712/102.46/532.82,0/1400/560,0/1/0.4,319.69,0,0,1,かようさすぺんすげきじょうさいごのすいり
226,Pナムココレクション,電サポ/4R/2R/小当R,2.534/441.25/37.14/0.812,0/288/144/7.56,0/1/0.5/0.026,176.5,0,0,0,なむここれくしょん
228,P遠山の金さん2 遠山桜と華の密偵JQA,電サポ/10R,1.321/106.95,0/1200,0/1,199.8,500,1.636,0,とおやまのきんさん2とおやまさくらとはなのみっていjqa
229,P遠山の金さん2 遠山桜と華の密偵 JWD,電サポ/10R/6R/3R,0.78/396.43/68.35/55.3,0/770/462/231,0/1/0.6/0.3,99.9,0,0,1,とおやまのきんさん2とおやまさくらとはなのみっていjwd
230,P絶超電役ドラドラ天国2400,電サポ/8.6R/1.6R,0.0000000000000001/199.8/199.8,0/2107/392,0/1/0.186,99.9,239,0,0,ちょうせつでんやくどらどらてんごく2400
231,P女神ドリーム,電サポ/10R/2R,1.411/656.37/6.63,0/450/90,0/1/0.2,79.9,239,2.219,1,めがみどりーむ
232,PモンキーターンV GC250A,電サポ/9R/4R/3R,4.394/122.39/92.68/42.53,0/729/324/243,0/1/0.444/0.333,89.9,250,2.246,0,もんきーたーんv gc250a
233,Pドラドラ天国さんきゅー2000,電サポ/9R/1.6R,0.00000000000001/262.50/47.05,0/1688/296.8,0/1/0.176,39.9,0,0,0,どらどらてんごくさんきゅー2000
234,PAぱちんこ乗物娘 with CYBER JAPAN DANCERS,電サポ/10R/8R/6R/4R,0.978/181.77/4598.54/4598.54/44.85,0/1000/800/600/400,0/1/0.8/0.6/0.4,77.1,200,0.669,0,のりものむすめ さいばーじゃぱんだんさーず サイバージャパンダンサーズ CJD
235,P地獄少女5 華,電サポ/10R/4R/3R,0.697/117.72/319.69/318.29,0/1260/504/378,0/1/0.4/0.3,319.69,0,0,0,じごくしょうじょ5はな
236,Pカイジ鉄骨渡り勝負編,電サポ/通常時6R/電サポ中6R/2R,73.579/274.12/73.58/93.83,0/700/650/140,0/1/0.929/0.2,69.9,0,0,0,かいじてっこつわたりしょうぶへん
237,P織田信奈の野望 全国版GC250Aa,電サポ/10R/4R,0.861/164.19/29.09,0/800/320,0/1/0.4,99.9,250,1.847,0,おだのぶなのやぼうぜんこくばんgc250aa
238,Pミニミニモンスタードラムakz,電サポ/10R/4R,1.593/222.21/47.65,0/900/360,0/1/0.4,125.55,0,0,1,みにみにもんすたーどらむakz
239,Pデジハネ物語セカンドシーズン,電サポ/10R/5R/3R,0.739/216.34/69.98/238.69,0/1400/450/270,0/1/0.321/0.193,99.9,250,1.653,0,でじはねものがたりせかんどしーずん
240,PAぱちんこ戦国コレクション小悪魔,電サポ/10R/3R,0.419/206.00/18.8,0/720/216,0/1/0.3,99.9,299,2.736,0,せんごくこれくしょんこあくま
241,Pガールズ&パンツァー 劇場版 89Ver.,電サポ/10R/9R/8R/7R/6R/4R,4.788/67.09/467.73/467.73/467.73/467.73/61.41,0/500/450/400/350/300/200,0/1/0.9/0.8/0.7/0.6/0.4,89,267,3.664,0,がーるずあんどおぱんつぁーげきじょうばん
242,PA野生の王国 GO,電サポ/10R/5R/4R,1.621/234.51/48.03/29.10,0/880/440/352,0/1/0.5/0.4,99.9,0,0,0,やせいのおうこくごー やせいのおうこくgo
243,P春一番～恋絵巻～GC250A･GC250XA,電サポ/10R/4R/2R,1.105/198.57/55.90/599.33,0/900/360/180,0/1/0.4/0.2,89.9,250,1.155,1,はるいちばんこいえまきgc250agc250xa
244,Pらんま1/2 熱血格闘遊戯,電サポ/通常時10R/通常時3R/電サポ中10R/電サポ中3R,4.189/6660.0/205.98/228.30/25.93,0/700/210/800/240,0/1/0.3/1.143/0.343,199.8,0,0,0,らんまにぶんのいちねっけつかくとうゆうぎ
245,ぱちんこ 乃木坂46,電サポ/10R/2R,2.246/146.47/77.51,0/1400/280,0/1/0.2,229.9,873,0,0,のぎざかのぎさかふぉーてぃしっくす
246,PA海物語3R2スペシャル,電サポ/10R/4R,1.705/1021.96/20.83,0/660/264,0/1/0.4,99.9,0,0,0,おおうみものがたりすりーあーるつーすぺしゃるおおうみものがたりすぺしゃる
247,P真・花の慶次2-漆黒の衝撃-EXTRA RUSH,電サポ/10R/3R,0.775/116.04/200.01,0/1400/420,0/1/0.3,199.8,0,0,1,はなのけいじしっこくのしょうげきえきすとららっしゅえくすとららっしゅ
248,PFゴルゴ13 PARTⅡ LIGHT Ver.,電サポ/10R/3R/2R,31.373/80.60/128.00/92.73,0/800/240/160,0/1/0.3/0.2,128.0,320,3.171,0,ふぃーばーごるご13ぱーと2らいとばーじょんふぃーばーごるごさーてぃーんぱーとつーらいとばーじょん
249,P真･花の慶次3,電サポ/10R/6R/2R,1.063/114.30/319.43/457.39,0/1400/840/280,0/1/0.6/0.2,319.67,0,0,0,しんはなのけいじ3しんはなのけいじすりー
250,P牙狼 月虹ノ旅人 絆,電サポ/10R/6R/3R,41.494/110.82/601.93/680.46,0/1400/840/280,0/1/0.6/0.2,319.67,0,0,0,GAROがろ げっこうのたびびと きずな